"term","df","sumsq","meansq","statistic","p.value"
"size_log",1,89.0516148173896,89.0516148173896,361.50153035697,1.00052161842896e-60
"Residuals",488,120.213012619819,0.246338140614382,NA,NA
